INSERT INTO customers (customer_id, customer_name, email, city, state, created_at) VALUES (1, 'Asha Kapoor', 'asha.kapoor1@example.com', 'Bengaluru', 'Karnataka', '2024-03-04');
INSERT INTO customers (customer_id, customer_name, email, city, state, created_at) VALUES (2, 'Priya Patel', 'priya.patel2@example.com', 'Chennai', 'Tamil Nadu', '2024-12-07');
INSERT INTO customers (customer_id, customer_name, email, city, state, created_at) VALUES (3, 'Sanjay Mehta', 'sanjay.mehta3@example.com', 'Mumbai', 'Maharashtra', '2024-07-22');
INSERT INTO customers (customer_id, customer_name, email, city, state, created_at) VALUES (4, 'Rahul Iyer', 'rahul.iyer4@example.com', 'New Delhi', 'Delhi', '2024-05-04');
INSERT INTO customers (customer_id, customer_name, email, city, state, created_at) VALUES (5, 'Divya Shankar', 'divya.shankar5@example.com', 'Hyderabad', 'Telangana', '2024-09-05');
INSERT INTO customers (customer_id, customer_name, email, city, state, created_at) VALUES (6, 'Amit Joshi', 'amit.joshi6@example.com', 'Pune', 'Maharashtra', '2024-02-14');
INSERT INTO customers (customer_id, customer_name, email, city, state, created_at) VALUES (7, 'Neha Gupta', 'neha.gupta7@example.com', 'Kolkata', 'West Bengal', '2024-06-06');
INSERT INTO customers (customer_id, customer_name, email, city, state, created_at) VALUES (8, 'Rohit Singh', 'rohit.singh8@example.com', 'Ahmedabad', 'Gujarat', '2024-04-13');
INSERT INTO customers (customer_id, customer_name, email, city, state, created_at) VALUES (9, 'Kavya Reddy', 'kavya.reddy9@example.com', 'Surat', 'Gujarat', '2024-09-04');
INSERT INTO customers (customer_id, customer_name, email, city, state, created_at) VALUES (10, 'Anita Bose', 'anita.bose10@example.com', 'Jaipur', 'Rajasthan', '2024-02-20');
INSERT INTO customers (customer_id, customer_name, email, city, state, created_at) VALUES (11, 'Vijay Sharma', 'vijay.sharma11@example.com', 'Bengaluru', 'Karnataka', '2024-02-20');
INSERT INTO customers (customer_id, customer_name, email, city, state, created_at) VALUES (12, 'Sneha Nair', 'sneha.nair12@example.com', 'Chennai', 'Tamil Nadu', '2024-08-25');
INSERT INTO customers (customer_id, customer_name, email, city, state, created_at) VALUES (13, 'Karan Patel', 'karan.patel13@example.com', 'Mumbai', 'Maharashtra', '2024-07-20');
INSERT INTO customers (customer_id, customer_name, email, city, state, created_at) VALUES (14, 'Pooja Kapoor', 'pooja.kapoor14@example.com', 'New Delhi', 'Delhi', '2024-11-18');
INSERT INTO customers (customer_id, customer_name, email, city, state, created_at) VALUES (15, 'Manish Kumar', 'manish.kumar15@example.com', 'Hyderabad', 'Telangana', '2024-07-05');
INSERT INTO customers (customer_id, customer_name, email, city, state, created_at) VALUES (16, 'Rakesh Iyer', 'rakesh.iyer16@example.com', 'Pune', 'Maharashtra', '2024-09-27');
INSERT INTO customers (customer_id, customer_name, email, city, state, created_at) VALUES (17, 'Meera Joshi', 'meera.joshi17@example.com', 'Kolkata', 'West Bengal', '2024-05-11');
INSERT INTO customers (customer_id, customer_name, email, city, state, created_at) VALUES (18, 'Isha Gupta', 'isha.gupta18@example.com', 'Ahmedabad', 'Gujarat', '2024-10-05');
INSERT INTO customers (customer_id, customer_name, email, city, state, created_at) VALUES (19, 'Lokesh Reddy', 'lokesh.reddy19@example.com', 'Surat', 'Gujarat', '2024-02-06');
INSERT INTO customers (customer_id, customer_name, email, city, state, created_at) VALUES (20, 'Geeta Sharma', 'geeta.sharma20@example.com', 'Jaipur', 'Rajasthan', '2024-03-17');
INSERT INTO customers (customer_id, customer_name, email, city, state, created_at) VALUES (21, 'Arun Mehta', 'arun.mehta21@example.com', 'Bengaluru', 'Karnataka', '2024-06-09');
INSERT INTO customers (customer_id, customer_name, email, city, state, created_at) VALUES (22, 'Ritu Kapoor', 'ritu.kapoor22@example.com', 'Chennai', 'Tamil Nadu', '2024-03-09');
INSERT INTO customers (customer_id, customer_name, email, city, state, created_at) VALUES (23, 'Nisha Singh', 'nisha.singh23@example.com', 'Mumbai', 'Maharashtra', '2024-10-14');
INSERT INTO customers (customer_id, customer_name, email, city, state, created_at) VALUES (24, 'Deepak Iyer', 'deepak.iyer24@example.com', 'New Delhi', 'Delhi', '2024-06-23');
INSERT INTO customers (customer_id, customer_name, email, city, state, created_at) VALUES (25, 'Smita Patel', 'smita.patel25@example.com', 'Hyderabad', 'Telangana', '2024-01-21');
INSERT INTO customers (customer_id, customer_name, email, city, state, created_at) VALUES (26, 'Anu Joshi', 'anu.joshi26@example.com', 'Pune', 'Maharashtra', '2024-01-24');
INSERT INTO customers (customer_id, customer_name, email, city, state, created_at) VALUES (27, 'Shruti Gupta', 'shruti.gupta27@example.com', 'Kolkata', 'West Bengal', '2024-02-03');
INSERT INTO customers (customer_id, customer_name, email, city, state, created_at) VALUES (28, 'Kapil Reddy', 'kapil.reddy28@example.com', 'Ahmedabad', 'Gujarat', '2024-03-14');
INSERT INTO customers (customer_id, customer_name, email, city, state, created_at) VALUES (29, 'Varun Sharma', 'varun.sharma29@example.com', 'Surat', 'Gujarat', '2024-06-16');
INSERT INTO customers (customer_id, customer_name, email, city, state, created_at) VALUES (30, 'Lekha Bose', 'lekha.bose30@example.com', 'Jaipur', 'Rajasthan', '2024-04-08');
INSERT INTO customers (customer_id, customer_name, email, city, state, created_at) VALUES (31, 'Harish Kumar', 'harish.kumar31@example.com', 'Bengaluru', 'Karnataka', '2024-08-04');
INSERT INTO customers (customer_id, customer_name, email, city, state, created_at) VALUES (32, 'Nandita Iyer', 'nandita.iyer32@example.com', 'Chennai', 'Tamil Nadu', '2024-05-20');
INSERT INTO customers (customer_id, customer_name, email, city, state, created_at) VALUES (33, 'Padma Patel', 'padma.patel33@example.com', 'Mumbai', 'Maharashtra', '2024-06-12');
INSERT INTO customers (customer_id, customer_name, email, city, state, created_at) VALUES (34, 'Sowmya Reddy', 'sowmya.reddy34@example.com', 'New Delhi', 'Delhi', '2024-08-27');
INSERT INTO customers (customer_id, customer_name, email, city, state, created_at) VALUES (35, 'Bhavana Joshi', 'bhavana.joshi35@example.com', 'Hyderabad', 'Telangana', '2024-01-31');
INSERT INTO customers (customer_id, customer_name, email, city, state, created_at) VALUES (36, 'Mohan Gupta', 'mohan.gupta36@example.com', 'Pune', 'Maharashtra', '2024-11-01');
INSERT INTO customers (customer_id, customer_name, email, city, state, created_at) VALUES (37, 'Ramesh Sharma', 'ramesh.sharma37@example.com', 'Kolkata', 'West Bengal', '2024-04-07');
INSERT INTO customers (customer_id, customer_name, email, city, state, created_at) VALUES (38, 'Tara Kapoor', 'tara.kapoor38@example.com', 'Ahmedabad', 'Gujarat', '2024-08-19');
INSERT INTO customers (customer_id, customer_name, email, city, state, created_at) VALUES (39, 'Suman Mehta', 'suman.mehta39@example.com', 'Surat', 'Gujarat', '2024-07-06');
INSERT INTO customers (customer_id, customer_name, email, city, state, created_at) VALUES (40, 'Vikas Iyer', 'vikas.iyer40@example.com', 'Jaipur', 'Rajasthan', '2024-03-02');
INSERT INTO customers (customer_id, customer_name, email, city, state, created_at) VALUES (41, 'Rina Reddy', 'rina.reddy41@example.com', 'Bengaluru', 'Karnataka', '2024-04-20');
INSERT INTO customers (customer_id, customer_name, email, city, state, created_at) VALUES (42, 'Ashok Bose', 'ashok.bose42@example.com', 'Chennai', 'Tamil Nadu', '2024-11-28');
INSERT INTO customers (customer_id, customer_name, email, city, state, created_at) VALUES (43, 'Jyoti Sharma', 'jyoti.sharma43@example.com', 'Mumbai', 'Maharashtra', '2024-03-09');
INSERT INTO customers (customer_id, customer_name, email, city, state, created_at) VALUES (44, 'Kiran Patel', 'kiran.patel44@example.com', 'New Delhi', 'Delhi', '2024-06-27');
INSERT INTO customers (customer_id, customer_name, email, city, state, created_at) VALUES (45, 'Divakar Joshi', 'divakar.joshi45@example.com', 'Hyderabad', 'Telangana', '2024-08-11');
INSERT INTO customers (customer_id, customer_name, email, city, state, created_at) VALUES (46, 'Rekha Gupta', 'rekha.gupta46@example.com', 'Pune', 'Maharashtra', '2024-07-03');
INSERT INTO customers (customer_id, customer_name, email, city, state, created_at) VALUES (47, 'Sudeep Reddy', 'sudeep.reddy47@example.com', 'Kolkata', 'West Bengal', '2024-08-28');
INSERT INTO customers (customer_id, customer_name, email, city, state, created_at) VALUES (48, 'Yash Sharma', 'yash.sharma48@example.com', 'Ahmedabad', 'Gujarat', '2024-10-09');
INSERT INTO customers (customer_id, customer_name, email, city, state, created_at) VALUES (49, 'Zoya Iyer', 'zoya.iyer49@example.com', 'Surat', 'Gujarat', '2024-03-13');
INSERT INTO customers (customer_id, customer_name, email, city, state, created_at) VALUES (50, 'Imran Khan', 'imran.khan50@example.com', 'Jaipur', 'Rajasthan', '2024-10-03');

-- Insert products
INSERT INTO products (product_id, product_name, category, price) VALUES (1, 'Smartphone Model A', 'Electronics', 14999.00);
INSERT INTO products (product_id, product_name, category, price) VALUES (2, 'Bluetooth Headphones', 'Electronics', 2499.00);
INSERT INTO products (product_id, product_name, category, price) VALUES (3, 'Portable Charger 10000mAh', 'Electronics', 1199.00);
INSERT INTO products (product_id, product_name, category, price) VALUES (4, 'LED TV 32 inch', 'Electronics', 15999.00);
INSERT INTO products (product_id, product_name, category, price) VALUES (5, 'Mixer Grinder', 'Home & Kitchen', 3499.00);
INSERT INTO products (product_id, product_name, category, price) VALUES (6, 'Non-stick Cookware Set', 'Home & Kitchen', 2799.00);
INSERT INTO products (product_id, product_name, category, price) VALUES (7, 'Ceramic Dinner Set (12 pcs)', 'Home & Kitchen', 1999.00);
INSERT INTO products (product_id, product_name, category, price) VALUES (8, 'Vacuum Cleaner', 'Home & Kitchen', 5999.00);
INSERT INTO products (product_id, product_name, category, price) VALUES (9, 'Rice (5kg)', 'Grocery', 399.00);
INSERT INTO products (product_id, product_name, category, price) VALUES (10, 'Cooking Oil (1L)', 'Grocery', 199.00);
INSERT INTO products (product_id, product_name, category, price) VALUES (11, 'Sugar (2kg)', 'Grocery', 90.00);
INSERT INTO products (product_id, product_name, category, price) VALUES (12, 'Tea (250g)', 'Grocery', 150.00);
INSERT INTO products (product_id, product_name, category, price) VALUES (13, 'Yoga Mat', 'Sports & Fitness', 799.00);
INSERT INTO products (product_id, product_name, category, price) VALUES (14, 'Dumbbell Set (10kg)', 'Sports & Fitness', 2499.00);
INSERT INTO products (product_id, product_name, category, price) VALUES (15, 'Running Shoes', 'Sports & Fitness', 2999.00);
INSERT INTO products (product_id, product_name, category, price) VALUES (16, 'Sports Water Bottle', 'Sports & Fitness', 299.00);
INSERT INTO products (product_id, product_name, category, price) VALUES (17, 'Children''s Story Book', 'Books & Stationery', 299.00);
INSERT INTO products (product_id, product_name, category, price) VALUES (18, 'Notebook (200 pages)', 'Books & Stationery', 129.00);
INSERT INTO products (product_id, product_name, category, price) VALUES (19, 'Ballpoint Pen (pack of 10)', 'Books & Stationery', 99.00);
INSERT INTO products (product_id, product_name, category, price) VALUES (20, 'Study Lamp', 'Books & Stationery', 899.00);
INSERT INTO products (product_id, product_name, category, price) VALUES (21, 'Earbuds Basic', 'Electronics', 799.00);
INSERT INTO products (product_id, product_name, category, price) VALUES (22, 'Induction Cooktop', 'Home & Kitchen', 3199.00);
INSERT INTO products (product_id, product_name, category, price) VALUES (23, 'Organic Honey (500g)', 'Grocery', 399.00);
INSERT INTO products (product_id, product_name, category, price) VALUES (24, 'Protein Powder (1kg)', 'Sports & Fitness', 1499.00);
INSERT INTO products (product_id, product_name, category, price) VALUES (25, 'Bestseller Novel', 'Books & Stationery', 399.00);
INSERT INTO products (product_id, product_name, category, price) VALUES (26, 'Hand Blender', 'Home & Kitchen', 1599.00);
INSERT INTO products (product_id, product_name, category, price) VALUES (27, 'Smart Watch', 'Electronics', 4999.00);
INSERT INTO products (product_id, product_name, category, price) VALUES (28, 'Floor Mop Set', 'Home & Kitchen', 499.00);
INSERT INTO products (product_id, product_name, category, price) VALUES (29, 'Breakfast Cereal (500g)', 'Grocery', 199.00);
INSERT INTO products (product_id, product_name, category, price) VALUES (30, 'Trekking Backpack', 'Sports & Fitness', 3499.00);
INSERT INTO products (product_id, product_name, category, price) VALUES (31, 'Sketchbook A4', 'Books & Stationery', 249.00);
INSERT INTO products (product_id, product_name, category, price) VALUES (32, 'HDMI Cable', 'Electronics', 399.00);
INSERT INTO products (product_id, product_name, category, price) VALUES (33, 'Pressure Cooker 5L', 'Home & Kitchen', 2199.00);
INSERT INTO products (product_id, product_name, category, price) VALUES (34, 'Masala Box', 'Grocery', 299.00);
INSERT INTO products (product_id, product_name, category, price) VALUES (35, 'Skipping Rope', 'Sports & Fitness', 249.00);
INSERT INTO products (product_id, product_name, category, price) VALUES (36, 'Children''s Educational Book', 'Books & Stationery', 349.00);
INSERT INTO products (product_id, product_name, category, price) VALUES (37, 'Wireless Mouse', 'Electronics', 699.00);
INSERT INTO products (product_id, product_name, category, price) VALUES (38, 'Cutting Board', 'Home & Kitchen', 349.00);
INSERT INTO products (product_id, product_name, category, price) VALUES (39, 'Pasta (500g)', 'Grocery', 129.00);
INSERT INTO products (product_id, product_name, category, price) VALUES (40, 'Football', 'Sports & Fitness', 899.00);

-- Insert orders
INSERT INTO orders (order_id, customer_id, order_date, status) VALUES (1, 39, '2024-10-11', 'Shipped');
INSERT INTO orders (order_id, customer_id, order_date, status) VALUES (2, 22, '2024-03-01', 'Delivered');
INSERT INTO orders (order_id, customer_id, order_date, status) VALUES (3, 28, '2024-03-15', 'Delivered');
INSERT INTO orders (order_id, customer_id, order_date, status) VALUES (4, 14, '2024-11-06', 'Cancelled');
INSERT INTO orders (order_id, customer_id, order_date, status) VALUES (5, 40, '2024-03-21', 'Delivered');
INSERT INTO orders (order_id, customer_id, order_date, status) VALUES (6, 6, '2024-02-22', 'Delivered');
INSERT INTO orders (order_id, customer_id, order_date, status) VALUES (7, 3, '2024-08-21', 'Returned');
INSERT INTO orders (order_id, customer_id, order_date, status) VALUES (8, 8, '2024-04-18', 'Delivered');
INSERT INTO orders (order_id, customer_id, order_date, status) VALUES (9, 44, '2024-06-21', 'Delivered');
INSERT INTO orders (order_id, customer_id, order_date, status) VALUES (10, 41, '2024-04-20', 'Delivered');
INSERT INTO orders (order_id, customer_id, order_date, status) VALUES (11, 43, '2024-03-09', 'Delivered');
INSERT INTO orders (order_id, customer_id, order_date, status) VALUES (12, 4, '2024-05-26', 'Delivered');
INSERT INTO orders (order_id, customer_id, order_date, status) VALUES (13, 46, '2024-07-23', 'Shipped');
INSERT INTO orders (order_id, customer_id, order_date, status) VALUES (14, 30, '2024-04-08', 'Delivered');
INSERT INTO orders (order_id, customer_id, order_date, status) VALUES (15, 13, '2024-07-14', 'Cancelled');
INSERT INTO orders (order_id, customer_id, order_date, status) VALUES (16, 16, '2024-09-11', 'Delivered');
INSERT INTO orders (order_id, customer_id, order_date, status) VALUES (17, 11, '2024-02-28', 'Delivered');
INSERT INTO orders (order_id, customer_id, order_date, status) VALUES (18, 33, '2024-06-12', 'Delivered');
INSERT INTO orders (order_id, customer_id, order_date, status) VALUES (19, 31, '2024-08-04', 'Cancelled');
INSERT INTO orders (order_id, customer_id, order_date, status) VALUES (20, 25, '2024-01-21', 'Delivered');
INSERT INTO orders (order_id, customer_id, order_date, status) VALUES (21, 21, '2024-06-09', 'Delivered');
INSERT INTO orders (order_id, customer_id, order_date, status) VALUES (22, 48, '2024-10-20', 'Delivered');
INSERT INTO orders (order_id, customer_id, order_date, status) VALUES (23, 12, '2024-08-25', 'Shipped');
INSERT INTO orders (order_id, customer_id, order_date, status) VALUES (24, 36, '2024-11-01', 'Delivered');
INSERT INTO orders (order_id, customer_id, order_date, status) VALUES (25, 27, '2024-02-03', 'Delivered');
INSERT INTO orders (order_id, customer_id, order_date, status) VALUES (26, 18, '2024-10-05', 'Returned');
INSERT INTO orders (order_id, customer_id, order_date, status) VALUES (27, 34, '2024-08-27', 'Delivered');
INSERT INTO orders (order_id, customer_id, order_date, status) VALUES (28, 9, '2024-09-04', 'Delivered');
INSERT INTO orders (order_id, customer_id, order_date, status) VALUES (29, 10, '2024-02-20', 'Shipped');
INSERT INTO orders (order_id, customer_id, order_date, status) VALUES (30, 1, '2024-03-04', 'Delivered');
INSERT INTO orders (order_id, customer_id, order_date, status) VALUES (31, 24, '2024-06-23', 'Delivered');
INSERT INTO orders (order_id, customer_id, order_date, status) VALUES (32, 35, '2024-01-31', 'Delivered');
INSERT INTO orders (order_id, customer_id, order_date, status) VALUES (33, 38, '2024-08-19', 'Delivered');
INSERT INTO orders (order_id, customer_id, order_date, status) VALUES (34, 5, '2024-09-05', 'Delivered');
INSERT INTO orders (order_id, customer_id, order_date, status) VALUES (35, 17, '2024-05-11', 'Delivered');
INSERT INTO orders (order_id, customer_id, order_date, status) VALUES (36, 2, '2024-12-07', 'Shipped');
INSERT INTO orders (order_id, customer_id, order_date, status) VALUES (37, 26, '2024-01-24', 'Delivered');
INSERT INTO orders (order_id, customer_id, order_date, status) VALUES (38, 7, '2024-06-06', 'Delivered');
INSERT INTO orders (order_id, customer_id, order_date, status) VALUES (39, 29, '2024-06-16', 'Returned');
INSERT INTO orders (order_id, customer_id, order_date, status) VALUES (40, 32, '2024-05-20', 'Delivered');
INSERT INTO orders (order_id, customer_id, order_date, status) VALUES (41, 15, '2024-07-05', 'Delivered');
INSERT INTO orders (order_id, customer_id, order_date, status) VALUES (42, 47, '2024-08-28', 'Delivered');
INSERT INTO orders (order_id, customer_id, order_date, status) VALUES (43, 20, '2024-03-17', 'Delivered');
INSERT INTO orders (order_id, customer_id, order_date, status) VALUES (44, 37, '2024-04-07', 'Delivered');
INSERT INTO orders (order_id, customer_id, order_date, status) VALUES (45, 19, '2024-02-06', 'Delivered');
INSERT INTO orders (order_id, customer_id, order_date, status) VALUES (46, 49, '2024-03-13', 'Shipped');
INSERT INTO orders (order_id, customer_id, order_date, status) VALUES (47, 23, '2024-10-14', 'Delivered');
INSERT INTO orders (order_id, customer_id, order_date, status) VALUES (48, 42, '2024-11-28', 'Cancelled');
INSERT INTO orders (order_id, customer_id, order_date, status) VALUES (49, 50, '2024-10-03', 'Delivered');
INSERT INTO orders (order_id, customer_id, order_date, status) VALUES (50, 2, '2024-03-01', 'Delivered');
INSERT INTO orders (order_id, customer_id, order_date, status) VALUES (51, 16, '2024-09-27', 'Delivered');
INSERT INTO orders (order_id, customer_id, order_date, status) VALUES (52, 11, '2024-02-28', 'Returned');
INSERT INTO orders (order_id, customer_id, order_date, status) VALUES (53, 45, '2024-08-11', 'Delivered');
INSERT INTO orders (order_id, customer_id, order_date, status) VALUES (54, 18, '2024-10-05', 'Shipped');
INSERT INTO orders (order_id, customer_id, order_date, status) VALUES (55, 6, '2024-02-14', 'Delivered');
INSERT INTO orders (order_id, customer_id, order_date, status) VALUES (56, 21, '2024-06-09', 'Delivered');
INSERT INTO orders (order_id, customer_id, order_date, status) VALUES (57, 27, '2024-02-03', 'Delivered');
INSERT INTO orders (order_id, customer_id, order_date, status) VALUES (58, 17, '2024-05-11', 'Delivered');
INSERT INTO orders (order_id, customer_id, order_date, status) VALUES (59, 35, '2024-01-31', 'Cancelled');
INSERT INTO orders (order_id, customer_id, order_date, status) VALUES (60, 14, '2024-11-18', 'Delivered');
INSERT INTO orders (order_id, customer_id, order_date, status) VALUES (61, 1, '2024-03-04', 'Shipped');
INSERT INTO orders (order_id, customer_id, order_date, status) VALUES (62, 9, '2024-09-04', 'Delivered');
INSERT INTO orders (order_id, customer_id, order_date, status) VALUES (63, 4, '2024-05-26', 'Delivered');
INSERT INTO orders (order_id, customer_id, order_date, status) VALUES (64, 34, '2024-08-27', 'Delivered');
INSERT INTO orders (order_id, customer_id, order_date, status) VALUES (65, 12, '2024-08-25', 'Delivered');
INSERT INTO orders (order_id, customer_id, order_date, status) VALUES (66, 31, '2024-08-04', 'Delivered');
INSERT INTO orders (order_id, customer_id, order_date, status) VALUES (67, 24, '2024-06-23', 'Delivered');
INSERT INTO orders (order_id, customer_id, order_date, status) VALUES (68, 26, '2024-01-24', 'Delivered');
INSERT INTO orders (order_id, customer_id, order_date, status) VALUES (69, 44, '2024-06-21', 'Delivered');
INSERT INTO orders (order_id, customer_id, order_date, status) VALUES (70, 7, '2024-06-06', 'Shipped');
INSERT INTO orders (order_id, customer_id, order_date, status) VALUES (71, 32, '2024-05-20', 'Delivered');
INSERT INTO orders (order_id, customer_id, order_date, status) VALUES (72, 15, '2024-07-05', 'Delivered');
INSERT INTO orders (order_id, customer_id, order_date, status) VALUES (73, 47, '2024-08-28', 'Delivered');
INSERT INTO orders (order_id, customer_id, order_date, status) VALUES (74, 5, '2024-09-05', 'Returned');
INSERT INTO orders (order_id, customer_id, order_date, status) VALUES (75, 37, '2024-04-07', 'Delivered');
INSERT INTO orders (order_id, customer_id, order_date, status) VALUES (76, 19, '2024-02-06', 'Delivered');
INSERT INTO orders (order_id, customer_id, order_date, status) VALUES (77, 29, '2024-06-16', 'Delivered');
INSERT INTO orders (order_id, customer_id, order_date, status) VALUES (78, 8, '2024-04-18', 'Delivered');
INSERT INTO orders (order_id, customer_id, order_date, status) VALUES (79, 21, '2024-06-09', 'Delivered');
INSERT INTO orders (order_id, customer_id, order_date, status) VALUES (80, 40, '2024-03-21', 'Delivered');
INSERT INTO orders (order_id, customer_id, order_date, status) VALUES (81, 25, '2024-01-21', 'Delivered');
INSERT INTO orders (order_id, customer_id, order_date, status) VALUES (82, 42, '2024-11-28', 'Cancelled');
INSERT INTO orders (order_id, customer_id, order_date, status) VALUES (83, 33, '2024-06-12', 'Delivered');
INSERT INTO orders (order_id, customer_id, order_date, status) VALUES (84, 28, '2024-03-15', 'Delivered');
INSERT INTO orders (order_id, customer_id, order_date, status) VALUES (85, 18, '2024-10-05', 'Shipped');
INSERT INTO orders (order_id, customer_id, order_date, status) VALUES (86, 17, '2024-05-11', 'Delivered');
INSERT INTO orders (order_id, customer_id, order_date, status) VALUES (87, 6, '2024-02-14', 'Delivered');
INSERT INTO orders (order_id, customer_id, order_date, status) VALUES (88, 11, '2024-02-28', 'Returned');
INSERT INTO orders (order_id, customer_id, order_date, status) VALUES (89, 50, '2024-10-03', 'Delivered');
INSERT INTO orders (order_id, customer_id, order_date, status) VALUES (90, 16, '2024-09-27', 'Delivered');
INSERT INTO orders (order_id, customer_id, order_date, status) VALUES (91, 14, '2024-11-18', 'Delivered');
INSERT INTO orders (order_id, customer_id, order_date, status) VALUES (92, 27, '2024-02-03', 'Delivered');
INSERT INTO orders (order_id, customer_id, order_date, status) VALUES (93, 49, '2024-03-13', 'Shipped');
INSERT INTO orders (order_id, customer_id, order_date, status) VALUES (94, 35, '2024-01-31', 'Cancelled');
INSERT INTO orders (order_id, customer_id, order_date, status) VALUES (95, 2, '2024-12-07', 'Shipped');
INSERT INTO orders (order_id, customer_id, order_date, status) VALUES (96, 20, '2024-03-17', 'Delivered');
INSERT INTO orders (order_id, customer_id, order_date, status) VALUES (97, 38, '2024-08-19', 'Delivered');
INSERT INTO orders (order_id, customer_id, order_date, status) VALUES (98, 24, '2024-06-23', 'Delivered');
INSERT INTO orders (order_id, customer_id, order_date, status) VALUES (99, 26, '2024-01-24', 'Delivered');
INSERT INTO orders (order_id, customer_id, order_date, status) VALUES (100, 43, '2024-03-09', 'Delivered');
INSERT INTO orders (order_id, customer_id, order_date, status) VALUES (101, 34, '2024-08-27', 'Delivered');
INSERT INTO orders (order_id, customer_id, order_date, status) VALUES (102, 12, '2024-08-25', 'Delivered');
INSERT INTO orders (order_id, customer_id, order_date, status) VALUES (103, 31, '2024-08-04', 'Delivered');
INSERT INTO orders (order_id, customer_id, order_date, status) VALUES (104, 47, '2024-08-28', 'Delivered');
INSERT INTO orders (order_id, customer_id, order_date, status) VALUES (105, 1, '2024-03-04', 'Shipped');
INSERT INTO orders (order_id, customer_id, order_date, status) VALUES (106, 5, '2024-09-05', 'Returned');
INSERT INTO orders (order_id, customer_id, order_date, status) VALUES (107, 15, '2024-07-05', 'Delivered');
INSERT INTO orders (order_id, customer_id, order_date, status) VALUES (108, 36, '2024-11-01', 'Delivered');
INSERT INTO orders (order_id, customer_id, order_date, status) VALUES (109, 9, '2024-09-04', 'Delivered');
INSERT INTO orders (order_id, customer_id, order_date, status) VALUES (110, 19, '2024-02-06', 'Delivered');
INSERT INTO orders (order_id, customer_id, order_date, status) VALUES (111, 29, '2024-06-16', 'Delivered');
INSERT INTO orders (order_id, customer_id, order_date, status) VALUES (112, 44, '2024-06-21', 'Delivered');
INSERT INTO orders (order_id, customer_id, order_date, status) VALUES (113, 8, '2024-04-18', 'Delivered');
INSERT INTO orders (order_id, customer_id, order_date, status) VALUES (114, 18, '2024-10-05', 'Shipped');
INSERT INTO orders (order_id, customer_id, order_date, status) VALUES (115, 32, '2024-05-20', 'Delivered');
INSERT INTO orders (order_id, customer_id, order_date, status) VALUES (116, 50, '2024-10-03', 'Delivered');
INSERT INTO orders (order_id, customer_id, order_date, status) VALUES (117, 28, '2024-03-15', 'Delivered');
INSERT INTO orders (order_id, customer_id, order_date, status) VALUES (118, 21, '2024-06-09', 'Delivered');
INSERT INTO orders (order_id, customer_id, order_date, status) VALUES (119, 17, '2024-05-11', 'Delivered');
INSERT INTO orders (order_id, customer_id, order_date, status) VALUES (120, 40, '2024-03-21', 'Delivered');

-- Insert order_items
INSERT INTO order_items (order_item_id, order_id, product_id, quantity) VALUES (1, 1, 34, 1);
INSERT INTO order_items (order_item_id, order_id, product_id, quantity) VALUES (2, 2, 26, 1);
INSERT INTO order_items (order_item_id, order_id, product_id, quantity) VALUES (3, 2, 6, 1);
INSERT INTO order_items (order_item_id, order_id, product_id, quantity) VALUES (4, 3, 32, 1);
INSERT INTO order_items (order_item_id, order_id, product_id, quantity) VALUES (5, 3, 12, 3);
INSERT INTO order_items (order_item_id, order_id, product_id, quantity) VALUES (6, 4, 40, 4);
INSERT INTO order_items (order_item_id, order_id, product_id, quantity) VALUES (7, 5, 14, 1);
INSERT INTO order_items (order_item_id, order_id, product_id, quantity) VALUES (8, 6, 31, 1);
INSERT INTO order_items (order_item_id, order_id, product_id, quantity) VALUES (9, 7, 4, 1);
INSERT INTO order_items (order_item_id, order_id, product_id, quantity) VALUES (10, 7, 22, 1);
INSERT INTO order_items (order_item_id, order_id, product_id, quantity) VALUES (11, 8, 24, 1);
INSERT INTO order_items (order_item_id, order_id, product_id, quantity) VALUES (12, 9, 13, 1);
INSERT INTO order_items (order_item_id, order_id, product_id, quantity) VALUES (13, 9, 33, 2);
INSERT INTO order_items (order_item_id, order_id, product_id, quantity) VALUES (14, 10, 2, 2);
INSERT INTO order_items (order_item_id, order_id, product_id, quantity) VALUES (15, 11, 20, 1);
INSERT INTO order_items (order_item_id, order_id, product_id, quantity) VALUES (16, 12, 1, 1);
INSERT INTO order_items (order_item_id, order_id, product_id, quantity) VALUES (17, 13, 3, 1);
INSERT INTO order_items (order_item_id, order_id, product_id, quantity) VALUES (18, 14, 7, 1);
INSERT INTO order_items (order_item_id, order_id, product_id, quantity) VALUES (19, 15, 27, 2);
INSERT INTO order_items (order_item_id, order_id, product_id, quantity) VALUES (20, 16, 30, 1);
INSERT INTO order_items (order_item_id, order_id, product_id, quantity) VALUES (21, 17, 5, 1);
INSERT INTO order_items (order_item_id, order_id, product_id, quantity) VALUES (22, 18, 23, 1);
INSERT INTO order_items (order_item_id, order_id, product_id, quantity) VALUES (23, 19, 9, 1);
INSERT INTO order_items (order_item_id, order_id, product_id, quantity) VALUES (24, 20, 11, 1);
INSERT INTO order_items (order_item_id, order_id, product_id, quantity) VALUES (25, 21, 16, 2);
INSERT INTO order_items (order_item_id, order_id, product_id, quantity) VALUES (26, 22, 8, 1);
INSERT INTO order_items (order_item_id, order_id, product_id, quantity) VALUES (27, 23, 19, 3);
INSERT INTO order_items (order_item_id, order_id, product_id, quantity) VALUES (28, 24, 18, 2);
INSERT INTO order_items (order_item_id, order_id, product_id, quantity) VALUES (29, 25, 21, 1);
INSERT INTO order_items (order_item_id, order_id, product_id, quantity) VALUES (30, 26, 15, 1);
INSERT INTO order_items (order_item_id, order_id, product_id, quantity) VALUES (31, 26, 10, 2);
INSERT INTO order_items (order_item_id, order_id, product_id, quantity) VALUES (32, 27, 35, 1);
INSERT INTO order_items (order_item_id, order_id, product_id, quantity) VALUES (33, 28, 6, 1);
INSERT INTO order_items (order_item_id, order_id, product_id, quantity) VALUES (34, 29, 4, 1);
INSERT INTO order_items (order_item_id, order_id, product_id, quantity) VALUES (35, 30, 17, 1);
INSERT INTO order_items (order_item_id, order_id, product_id, quantity) VALUES (36, 31, 36, 1);
INSERT INTO order_items (order_item_id, order_id, product_id, quantity) VALUES (37, 32, 13, 1);
INSERT INTO order_items (order_item_id, order_id, product_id, quantity) VALUES (38, 33, 25, 1);
INSERT INTO order_items (order_item_id, order_id, product_id, quantity) VALUES (39, 34, 2, 1);
INSERT INTO order_items (order_item_id, order_id, product_id, quantity) VALUES (40, 35, 11, 2);
INSERT INTO order_items (order_item_id, order_id, product_id, quantity) VALUES (41, 36, 32, 1);
INSERT INTO order_items (order_item_id, order_id, product_id, quantity) VALUES (42, 37, 26, 1);
INSERT INTO order_items (order_item_id, order_id, product_id, quantity) VALUES (43, 38, 9, 3);
INSERT INTO order_items (order_item_id, order_id, product_id, quantity) VALUES (44, 39, 1, 1);
INSERT INTO order_items (order_item_id, order_id, product_id, quantity) VALUES (45, 39, 11, 1);
INSERT INTO order_items (order_item_id, order_id, product_id, quantity) VALUES (46, 40, 28, 1);
INSERT INTO order_items (order_item_id, order_id, product_id, quantity) VALUES (47, 41, 14, 1);
INSERT INTO order_items (order_item_id, order_id, product_id, quantity) VALUES (48, 42, 3, 1);
INSERT INTO order_items (order_item_id, order_id, product_id, quantity) VALUES (49, 43, 7, 1);
INSERT INTO order_items (order_item_id, order_id, product_id, quantity) VALUES (50, 44, 18, 2);
INSERT INTO order_items (order_item_id, order_id, product_id, quantity) VALUES (51, 45, 39, 1);
INSERT INTO order_items (order_item_id, order_id, product_id, quantity) VALUES (52, 46, 36, 1);
INSERT INTO order_items (order_item_id, order_id, product_id, quantity) VALUES (53, 47, 24, 1);
INSERT INTO order_items (order_item_id, order_id, product_id, quantity) VALUES (54, 48, 23, 2);
INSERT INTO order_items (order_item_id, order_id, product_id, quantity) VALUES (55, 49, 20, 1);
INSERT INTO order_items (order_item_id, order_id, product_id, quantity) VALUES (56, 50, 6, 1);
INSERT INTO order_items (order_item_id, order_id, product_id, quantity) VALUES (57, 50, 19, 2);
INSERT INTO order_items (order_item_id, order_id, product_id, quantity) VALUES (58, 51, 27, 1);
INSERT INTO order_items (order_item_id, order_id, product_id, quantity) VALUES (59, 52, 33, 1);
INSERT INTO order_items (order_item_id, order_id, product_id, quantity) VALUES (60, 53, 1, 1);
INSERT INTO order_items (order_item_id, order_id, product_id, quantity) VALUES (61, 53, 16, 1);
INSERT INTO order_items (order_item_id, order_id, product_id, quantity) VALUES (62, 54, 2, 1);
INSERT INTO order_items (order_item_id, order_id, product_id, quantity) VALUES (63, 55, 5, 1);
INSERT INTO order_items (order_item_id, order_id, product_id, quantity) VALUES (64, 56, 24, 1);
INSERT INTO order_items (order_item_id, order_id, product_id, quantity) VALUES (65, 57, 31, 1);
INSERT INTO order_items (order_item_id, order_id, product_id, quantity) VALUES (66, 58, 7, 2);
INSERT INTO order_items (order_item_id, order_id, product_id, quantity) VALUES (67, 59, 15, 1);
INSERT INTO order_items (order_item_id, order_id, product_id, quantity) VALUES (68, 60, 21, 1);
INSERT INTO order_items (order_item_id, order_id, product_id, quantity) VALUES (69, 61, 3, 1);
INSERT INTO order_items (order_item_id, order_id, product_id, quantity) VALUES (70, 62, 32, 1);
INSERT INTO order_items (order_item_id, order_id, product_id, quantity) VALUES (71, 63, 12, 2);
INSERT INTO order_items (order_item_id, order_id, product_id, quantity) VALUES (72, 64, 29, 1);
INSERT INTO order_items (order_item_id, order_id, product_id, quantity) VALUES (73, 65, 17, 1);
INSERT INTO order_items (order_item_id, order_id, product_id, quantity) VALUES (74, 66, 13, 1);
INSERT INTO order_items (order_item_id, order_id, product_id, quantity) VALUES (75, 67, 6, 1);
INSERT INTO order_items (order_item_id, order_id, product_id, quantity) VALUES (76, 68, 38, 1);
INSERT INTO order_items (order_item_id, order_id, product_id, quantity) VALUES (77, 69, 30, 1);
INSERT INTO order_items (order_item_id, order_id, product_id, quantity) VALUES (78, 70, 11, 1);
INSERT INTO order_items (order_item_id, order_id, product_id, quantity) VALUES (79, 71, 22, 1);
INSERT INTO order_items (order_item_id, order_id, product_id, quantity) VALUES (80, 72, 25, 1);
INSERT INTO order_items (order_item_id, order_id, product_id, quantity) VALUES (81, 73, 9, 3);
INSERT INTO order_items (order_item_id, order_id, product_id, quantity) VALUES (82, 74, 4, 1);
INSERT INTO order_items (order_item_id, order_id, product_id, quantity) VALUES (83, 75, 19, 2);
INSERT INTO order_items (order_item_id, order_id, product_id, quantity) VALUES (84, 76, 7, 1);
INSERT INTO order_items (order_item_id, order_id, product_id, quantity) VALUES (85, 77, 16, 1);
INSERT INTO order_items (order_item_id, order_id, product_id, quantity) VALUES (86, 78, 27, 1);
INSERT INTO order_items (order_item_id, order_id, product_id, quantity) VALUES (87, 79, 14, 1);
INSERT INTO order_items (order_item_id, order_id, product_id, quantity) VALUES (88, 80, 18, 1);
INSERT INTO order_items (order_item_id, order_id, product_id, quantity) VALUES (89, 81, 39, 1);
INSERT INTO order_items (order_item_id, order_id, product_id, quantity) VALUES (90, 82, 23, 2);
INSERT INTO order_items (order_item_id, order_id, product_id, quantity) VALUES (91, 83, 5, 1);
INSERT INTO order_items (order_item_id, order_id, product_id, quantity) VALUES (92, 84, 2, 1);
INSERT INTO order_items (order_item_id, order_id, product_id, quantity) VALUES (93, 85, 24, 1);
INSERT INTO order_items (order_item_id, order_id, product_id, quantity) VALUES (94, 86, 31, 1);
INSERT INTO order_items (order_item_id, order_id, product_id, quantity) VALUES (95, 87, 6, 1);
INSERT INTO order_items (order_item_id, order_id, product_id, quantity) VALUES (96, 88, 33, 1);
INSERT INTO order_items (order_item_id, order_id, product_id, quantity) VALUES (97, 89, 1, 1);
INSERT INTO order_items (order_item_id, order_id, product_id, quantity) VALUES (98, 90, 29, 1);
INSERT INTO order_items (order_item_id, order_id, product_id, quantity) VALUES (99, 91, 20, 1);
INSERT INTO order_items (order_item_id, order_id, product_id, quantity) VALUES (100, 92, 21, 1);
INSERT INTO order_items (order_item_id, order_id, product_id, quantity) VALUES (101, 93, 32, 1);
INSERT INTO order_items (order_item_id, order_id, product_id, quantity) VALUES (102, 94, 10, 1);
INSERT INTO order_items (order_item_id, order_id, product_id, quantity) VALUES (103, 95, 34, 1);
INSERT INTO order_items (order_item_id, order_id, product_id, quantity) VALUES (104, 96, 36, 1);
INSERT INTO order_items (order_item_id, order_id, product_id, quantity) VALUES (105, 97, 13, 1);
INSERT INTO order_items (order_item_id, order_id, product_id, quantity) VALUES (106, 98, 8, 1);
INSERT INTO order_items (order_item_id, order_id, product_id, quantity) VALUES (107, 99, 35, 1);
INSERT INTO order_items (order_item_id, order_id, product_id, quantity) VALUES (108, 100, 4, 1);
INSERT INTO order_items (order_item_id, order_id, product_id, quantity) VALUES (109, 101, 26, 1);
INSERT INTO order_items (order_item_id, order_id, product_id, quantity) VALUES (110, 102, 11, 1);
INSERT INTO order_items (order_item_id, order_id, product_id, quantity) VALUES (111, 103, 15, 1);
INSERT INTO order_items (order_item_id, order_id, product_id, quantity) VALUES (112, 104, 33, 1);
INSERT INTO order_items (order_item_id, order_id, product_id, quantity) VALUES (113, 105, 19, 1);
INSERT INTO order_items (order_item_id, order_id, product_id, quantity) VALUES (114, 106, 2, 1);
INSERT INTO order_items (order_item_id, order_id, product_id, quantity) VALUES (115, 107, 21, 1);
INSERT INTO order_items (order_item_id, order_id, product_id, quantity) VALUES (116, 108, 22, 1);
INSERT INTO order_items (order_item_id, order_id, product_id, quantity) VALUES (117, 109, 3, 1);
INSERT INTO order_items (order_item_id, order_id, product_id, quantity) VALUES (118, 110, 7, 1);
INSERT INTO order_items (order_item_id, order_id, product_id, quantity) VALUES (119, 111, 24, 1);
INSERT INTO order_items (order_item_id, order_id, product_id, quantity) VALUES (120, 112, 17, 1);
INSERT INTO order_items (order_item_id, order_id, product_id, quantity) VALUES (121, 113, 32, 1);
INSERT INTO order_items (order_item_id, order_id, product_id, quantity) VALUES (122, 114, 27, 1);
INSERT INTO order_items (order_item_id, order_id, product_id, quantity) VALUES (123, 115, 18, 1);
INSERT INTO order_items (order_item_id, order_id, product_id, quantity) VALUES (124, 116, 39, 1);
INSERT INTO order_items (order_item_id, order_id, product_id, quantity) VALUES (125, 117, 6, 1);
INSERT INTO order_items (order_item_id, order_id, product_id, quantity) VALUES (126, 118, 5, 1);
INSERT INTO order_items (order_item_id, order_id, product_id, quantity) VALUES (127, 119, 1, 1);
INSERT INTO order_items (order_item_id, order_id, product_id, quantity) VALUES (128, 120, 26, 1);
INSERT INTO order_items (order_item_id, order_id, product_id, quantity) VALUES (129, 1, 21, 1);
INSERT INTO order_items (order_item_id, order_id, product_id, quantity) VALUES (130, 3, 11, 1);
INSERT INTO order_items (order_item_id, order_id, product_id, quantity) VALUES (131, 6, 19, 1);
INSERT INTO order_items (order_item_id, order_id, product_id, quantity) VALUES (132, 9, 22, 1);
INSERT INTO order_items (order_item_id, order_id, product_id, quantity) VALUES (133, 11, 1, 1);
INSERT INTO order_items (order_item_id, order_id, product_id, quantity) VALUES (134, 12, 37, 1);
INSERT INTO order_items (order_item_id, order_id, product_id, quantity) VALUES (135, 14, 29, 1);
INSERT INTO order_items (order_item_id, order_id, product_id, quantity) VALUES (136, 17, 4, 1);
INSERT INTO order_items (order_item_id, order_id, product_id, quantity) VALUES (137, 20, 31, 1);
INSERT INTO order_items (order_item_id, order_id, product_id, quantity) VALUES (138, 22, 16, 1);
INSERT INTO order_items (order_item_id, order_id, product_id, quantity) VALUES (139, 24, 28, 1);
INSERT INTO order_items (order_item_id, order_id, product_id, quantity) VALUES (140, 26, 11, 1);
INSERT INTO order_items (order_item_id, order_id, product_id, quantity) VALUES (141, 27, 13, 1);
INSERT INTO order_items (order_item_id, order_id, product_id, quantity) VALUES (142, 29, 21, 1);
INSERT INTO order_items (order_item_id, order_id, product_id, quantity) VALUES (143, 31, 2, 1);
INSERT INTO order_items (order_item_id, order_id, product_id, quantity) VALUES (144, 33, 32, 1);
INSERT INTO order_items (order_item_id, order_id, product_id, quantity) VALUES (145, 36, 26, 1);
INSERT INTO order_items (order_item_id, order_id, product_id, quantity) VALUES (146, 38, 39, 1);
INSERT INTO order_items (order_item_id, order_id, product_id, quantity) VALUES (147, 40, 23, 1);
INSERT INTO order_items (order_item_id, order_id, product_id, quantity) VALUES (148, 41, 7, 1);
INSERT INTO order_items (order_item_id, order_id, product_id, quantity) VALUES (149, 43, 18, 1);
INSERT INTO order_items (order_item_id, order_id, product_id, quantity) VALUES (150, 45, 14, 1);
INSERT INTO order_items (order_item_id, order_id, product_id, quantity) VALUES (151, 47, 11, 1);
INSERT INTO order_items (order_item_id, order_id, product_id, quantity) VALUES (152, 49, 6, 1);
INSERT INTO order_items (order_item_id, order_id, product_id, quantity) VALUES (153, 51, 34, 1);
INSERT INTO order_items (order_item_id, order_id, product_id, quantity) VALUES (154, 52, 35, 1);
INSERT INTO order_items (order_item_id, order_id, product_id, quantity) VALUES (155, 54, 29, 1);
INSERT INTO order_items (order_item_id, order_id, product_id, quantity) VALUES (156, 56, 1, 1);
INSERT INTO order_items (order_item_id, order_id, product_id, quantity) VALUES (157, 57, 36, 1);
INSERT INTO order_items (order_item_id, order_id, product_id, quantity) VALUES (158, 58, 2, 1);
INSERT INTO order_items (order_item_id, order_id, product_id, quantity) VALUES (159, 60, 19, 1);
INSERT INTO order_items (order_item_id, order_id, product_id, quantity) VALUES (160, 61, 32, 1);
INSERT INTO order_items (order_item_id, order_id, product_id, quantity) VALUES (161, 62, 12, 2);
INSERT INTO order_items (order_item_id, order_id, product_id, quantity) VALUES (162, 64, 17, 1);
INSERT INTO order_items (order_item_id, order_id, product_id, quantity) VALUES (163, 65, 13, 1);
INSERT INTO order_items (order_item_id, order_id, product_id, quantity) VALUES (164, 66, 6, 1);
INSERT INTO order_items (order_item_id, order_id, product_id, quantity) VALUES (165, 67, 27, 1);
INSERT INTO order_items (order_item_id, order_id, product_id, quantity) VALUES (166, 69, 33, 1);
INSERT INTO order_items (order_item_id, order_id, product_id, quantity) VALUES (167, 70, 11, 1);
INSERT INTO order_items (order_item_id, order_id, product_id, quantity) VALUES (168, 71, 3, 1);
INSERT INTO order_items (order_item_id, order_id, product_id, quantity) VALUES (169, 72, 29, 1);
INSERT INTO order_items (order_item_id, order_id, product_id, quantity) VALUES (170, 73, 39, 1);
INSERT INTO order_items (order_item_id, order_id, product_id, quantity) VALUES (171, 74, 2, 1);
INSERT INTO order_items (order_item_id, order_id, product_id, quantity) VALUES (172, 75, 1, 1);
INSERT INTO order_items (order_item_id, order_id, product_id, quantity) VALUES (173, 76, 24, 1);
INSERT INTO order_items (order_item_id, order_id, product_id, quantity) VALUES (174, 77, 4, 1);
INSERT INTO order_items (order_item_id, order_id, product_id, quantity) VALUES (175, 78, 22, 1);
INSERT INTO order_items (order_item_id, order_id, product_id, quantity) VALUES (176, 79, 14, 1);
INSERT INTO order_items (order_item_id, order_id, product_id, quantity) VALUES (177, 80, 18, 1);
INSERT INTO order_items (order_item_id, order_id, product_id, quantity) VALUES (178, 81, 23, 1);
INSERT INTO order_items (order_item_id, order_id, product_id, quantity) VALUES (179, 82, 34, 1);
INSERT INTO order_items (order_item_id, order_id, product_id, quantity) VALUES (180, 83, 5, 1);
INSERT INTO order_items (order_item_id, order_id, product_id, quantity) VALUES (181, 84, 21, 1);
INSERT INTO order_items (order_item_id, order_id, product_id, quantity) VALUES (182, 85, 30, 1);
INSERT INTO order_items (order_item_id, order_id, product_id, quantity) VALUES (183, 86, 26, 1);
INSERT INTO order_items (order_item_id, order_id, product_id, quantity) VALUES (184, 87, 36, 1);
INSERT INTO order_items (order_item_id, order_id, product_id, quantity) VALUES (185, 88, 9, 1);
INSERT INTO order_items (order_item_id, order_id, product_id, quantity) VALUES (186, 89, 27, 1);
INSERT INTO order_items (order_item_id, order_id, product_id, quantity) VALUES (187, 90, 33, 1);
INSERT INTO order_items (order_item_id, order_id, product_id, quantity) VALUES (188, 91, 16, 1);
INSERT INTO order_items (order_item_id, order_id, product_id, quantity) VALUES (189, 92, 11, 1);
INSERT INTO order_items (order_item_id, order_id, product_id, quantity) VALUES (190, 93, 39, 1);
INSERT INTO order_items (order_item_id, order_id, product_id, quantity) VALUES (191, 94, 37, 1);
INSERT INTO order_items (order_item_id, order_id, product_id, quantity) VALUES (192, 95, 20, 1);
INSERT INTO order_items (order_item_id, order_id, product_id, quantity) VALUES (193, 96, 18, 1);
INSERT INTO order_items (order_item_id, order_id, product_id, quantity) VALUES (194, 97, 2, 1);
INSERT INTO order_items (order_item_id, order_id, product_id, quantity) VALUES (195, 98, 8, 1);
INSERT INTO order_items (order_item_id, order_id, product_id, quantity) VALUES (196, 99, 11, 1);
INSERT INTO order_items (order_item_id, order_id, product_id, quantity) VALUES (197, 100, 6, 1);
INSERT INTO order_items (order_item_id, order_id, product_id, quantity) VALUES (198, 101, 31, 1);
INSERT INTO order_items (order_item_id, order_id, product_id, quantity) VALUES (199, 102, 13, 1);
INSERT INTO order_items (order_item_id, order_id, product_id, quantity) VALUES (200, 103, 7, 1);

-- Insert payments
INSERT INTO payments (payment_id, order_id, payment_amount, payment_date, payment_method) VALUES (1, 1, 299.00, '2024-10-13', 'UPI');
INSERT INTO payments (payment_id, order_id, payment_amount, payment_date, payment_method) VALUES (2, 2, 4298.00, '2024-03-02', 'Credit Card');
INSERT INTO payments (payment_id, order_id, payment_amount, payment_date, payment_method) VALUES (3, 3, 1749.00, '2024-03-17', 'Debit Card');
INSERT INTO payments (payment_id, order_id, payment_amount, payment_date, payment_method) VALUES (4, 4, 0.00, NULL, NULL);
INSERT INTO payments (payment_id, order_id, payment_amount, payment_date, payment_method) VALUES (5, 5, 2499.00, '2024-03-23', 'Net Banking');
INSERT INTO payments (payment_id, order_id, payment_amount, payment_date, payment_method) VALUES (6, 6, 1428.00, '2024-02-26', 'Credit Card');
INSERT INTO payments (payment_id, order_id, payment_amount, payment_date, payment_method) VALUES (7, 7, 16998.00, '2024-08-23', 'Cash on Delivery');
INSERT INTO payments (payment_id, order_id, payment_amount, payment_date, payment_method) VALUES (8, 8, 1499.00, '2024-04-20', 'UPI');
INSERT INTO payments (payment_id, order_id, payment_amount, payment_date, payment_method) VALUES (9, 9, 3397.00, '2024-06-22', 'Credit Card');
INSERT INTO payments (payment_id, order_id, payment_amount, payment_date, payment_method) VALUES (10, 10, 4998.00, '2024-04-21', 'Debit Card');
INSERT INTO payments (payment_id, order_id, payment_amount, payment_date, payment_method) VALUES (11, 11, 899.00, '2024-03-11', 'UPI');
INSERT INTO payments (payment_id, order_id, payment_amount, payment_date, payment_method) VALUES (12, 12, 15798.00, '2024-05-27', 'Net Banking');
INSERT INTO payments (payment_id, order_id, payment_amount, payment_date, payment_method) VALUES (13, 13, 1199.00, '2024-07-24', 'Credit Card');
INSERT INTO payments (payment_id, order_id, payment_amount, payment_date, payment_method) VALUES (14, 14, 1999.00, '2024-04-10', 'Cash on Delivery');
INSERT INTO payments (payment_id, order_id, payment_amount, payment_date, payment_method) VALUES (15, 15, 9998.00, '2024-07-16', 'Debit Card');
INSERT INTO payments (payment_id, order_id, payment_amount, payment_date, payment_method) VALUES (16, 16, 3499.00, '2024-09-11', 'UPI');
INSERT INTO payments (payment_id, order_id, payment_amount, payment_date, payment_method) VALUES (17, 17, 3499.00, '2024-03-01', 'Net Banking');
INSERT INTO payments (payment_id, order_id, payment_amount, payment_date, payment_method) VALUES (18, 18, 399.00, '2024-06-13', 'Credit Card');
INSERT INTO payments (payment_id, order_id, payment_amount, payment_date, payment_method) VALUES (19, 19, 399.00, '2024-02-22', 'Debit Card');
INSERT INTO payments (payment_id, order_id, payment_amount, payment_date, payment_method) VALUES (20, 20, 180.00, '2024-01-23', 'UPI');
INSERT INTO payments (payment_id, order_id, payment_amount, payment_date, payment_method) VALUES (21, 21, 598.00, '2024-06-10', 'Credit Card');
INSERT INTO payments (payment_id, order_id, payment_amount, payment_date, payment_method) VALUES (22, 22, 5999.00, '2024-10-21', 'Net Banking');
INSERT INTO payments (payment_id, order_id, payment_amount, payment_date, payment_method) VALUES (23, 23, 297.00, '2024-08-27', 'UPI');
INSERT INTO payments (payment_id, order_id, payment_amount, payment_date, payment_method) VALUES (24, 24, 258.00, '2024-11-03', 'Credit Card');
INSERT INTO payments (payment_id, order_id, payment_amount, payment_date, payment_method) VALUES (25, 25, 799.00, '2024-02-05', 'Cash on Delivery');
INSERT INTO payments (payment_id, order_id, payment_amount, payment_date, payment_method) VALUES (26, 26, 1349.00, '2024-10-08', 'UPI');
INSERT INTO payments (payment_id, order_id, payment_amount, payment_date, payment_method) VALUES (27, 27, 249.00, '2024-08-30', 'Debit Card');
INSERT INTO payments (payment_id, order_id, payment_amount, payment_date, payment_method) VALUES (28, 28, 2799.00, '2024-09-06', 'Credit Card');
INSERT INTO payments (payment_id, order_id, payment_amount, payment_date, payment_method) VALUES (29, 29, 15999.00, '2024-02-22', 'Net Banking');
INSERT INTO payments (payment_id, order_id, payment_amount, payment_date, payment_method) VALUES (30, 30, 299.00, '2024-03-06', 'UPI');
INSERT INTO payments (payment_id, order_id, payment_amount, payment_date, payment_method) VALUES (31, 31, 349.00, '2024-06-24', 'Debit Card');
INSERT INTO payments (payment_id, order_id, payment_amount, payment_date, payment_method) VALUES (32, 32, 799.00, '2024-02-01', 'Credit Card');
INSERT INTO payments (payment_id, order_id, payment_amount, payment_date, payment_method) VALUES (33, 33, 399.00, '2024-08-21', 'Net Banking');
INSERT INTO payments (payment_id, order_id, payment_amount, payment_date, payment_method) VALUES (34, 34, 2499.00, '2024-09-07', 'UPI');
INSERT INTO payments (payment_id, order_id, payment_amount, payment_date, payment_method) VALUES (35, 35, 180.00, '2024-05-13', 'Cash on Delivery');
INSERT INTO payments (payment_id, order_id, payment_amount, payment_date, payment_method) VALUES (36, 36, 399.00, '2024-12-09', 'Credit Card');
INSERT INTO payments (payment_id, order_id, payment_amount, payment_date, payment_method) VALUES (37, 37, 1599.00, '2024-01-25', 'UPI');
INSERT INTO payments (payment_id, order_id, payment_amount, payment_date, payment_method) VALUES (38, 38, 1197.00, '2024-06-08', 'Debit Card');
INSERT INTO payments (payment_id, order_id, payment_amount, payment_date, payment_method) VALUES (39, 39, 14999.00, '2024-09-06', 'Net Banking');
INSERT INTO payments (payment_id, order_id, payment_amount, payment_date, payment_method) VALUES (40, 40, 499.00, '2024-05-21', 'UPI');
INSERT INTO payments (payment_id, order_id, payment_amount, payment_date, payment_method) VALUES (41, 41, 2499.00, '2024-07-07', 'Credit Card');
INSERT INTO payments (payment_id, order_id, payment_amount, payment_date, payment_method) VALUES (42, 42, 1199.00, '2024-08-30', 'Debit Card');
INSERT INTO payments (payment_id, order_id, payment_amount, payment_date, payment_method) VALUES (43, 43, 1999.00, '2024-03-19', 'Net Banking');
INSERT INTO payments (payment_id, order_id, payment_amount, payment_date, payment_method) VALUES (44, 44, 258.00, '2024-04-09', 'UPI');
INSERT INTO payments (payment_id, order_id, payment_amount, payment_date, payment_method) VALUES (45, 45, 129.00, '2024-02-08', 'Credit Card');
INSERT INTO payments (payment_id, order_id, payment_amount, payment_date, payment_method) VALUES (46, 46, 349.00, '2024-03-15', 'Cash on Delivery');
INSERT INTO payments (payment_id, order_id, payment_amount, payment_date, payment_method) VALUES (47, 47, 1499.00, '2024-10-16', 'Debit Card');
INSERT INTO payments (payment_id, order_id, payment_amount, payment_date, payment_method) VALUES (48, 48, 0.00, NULL, NULL);
INSERT INTO payments (payment_id, order_id, payment_amount, payment_date, payment_method) VALUES (49, 49, 899.00, '2024-10-05', 'UPI');
INSERT INTO payments (payment_id, order_id, payment_amount, payment_date, payment_method) VALUES (50, 50, 2799.00, '2024-03-02', 'Net Banking');
INSERT INTO payments (payment_id, order_id, payment_amount, payment_date, payment_method) VALUES (51, 51, 4999.00, '2024-09-28', 'Credit Card');
INSERT INTO payments (payment_id, order_id, payment_amount, payment_date, payment_method) VALUES (52, 52, 2199.00, '2024-02-15', 'Debit Card');
INSERT INTO payments (payment_id, order_id, payment_amount, payment_date, payment_method) VALUES (53, 53, 1499.00, '2024-08-13', 'Net Banking');
INSERT INTO payments (payment_id, order_id, payment_amount, payment_date, payment_method) VALUES (54, 54, 2499.00, '2024-10-07', 'UPI');
INSERT INTO payments (payment_id, order_id, payment_amount, payment_date, payment_method) VALUES (55, 55, 3499.00, '2024-02-16', 'Cash on Delivery');
INSERT INTO payments (payment_id, order_id, payment_amount, payment_date, payment_method) VALUES (56, 56, 1499.00, '2024-06-10', 'Credit Card');
INSERT INTO payments (payment_id, order_id, payment_amount, payment_date, payment_method) VALUES (57, 57, 2498.00, '2024-02-05', 'Net Banking');
INSERT INTO payments (payment_id, order_id, payment_amount, payment_date, payment_method) VALUES (58, 58, 399.00, '2024-05-12', 'UPI');
INSERT INTO payments (payment_id, order_id, payment_amount, payment_date, payment_method) VALUES (59, 59, 2999.00, '2024-02-02', 'Debit Card');
INSERT INTO payments (payment_id, order_id, payment_amount, payment_date, payment_method) VALUES (60, 60, 799.00, '2024-11-20', 'Credit Card');
INSERT INTO payments (payment_id, order_id, payment_amount, payment_date, payment_method) VALUES (61, 61, 1199.00, '2024-03-06', 'UPI');
INSERT INTO payments (payment_id, order_id, payment_amount, payment_date, payment_method) VALUES (62, 62, 399.00, '2024-09-06', 'Debit Card');
INSERT INTO payments (payment_id, order_id, payment_amount, payment_date, payment_method) VALUES (63, 63, 300.00, '2024-05-28', 'Net Banking');
INSERT INTO payments (payment_id, order_id, payment_amount, payment_date, payment_method) VALUES (64, 64, 249.00, '2024-08-29', 'UPI');
INSERT INTO payments (payment_id, order_id, payment_amount, payment_date, payment_method) VALUES (65, 65, 299.00, '2024-08-26', 'Credit Card');
INSERT INTO payments (payment_id, order_id, payment_amount, payment_date, payment_method) VALUES (66, 66, 799.00, '2024-08-06', 'Debit Card');
INSERT INTO payments (payment_id, order_id, payment_amount, payment_date, payment_method) VALUES (67, 67, 4999.00, '2024-06-24', 'Net Banking');
INSERT INTO payments (payment_id, order_id, payment_amount, payment_date, payment_method) VALUES (68, 68, 349.00, '2024-01-25', 'UPI');
INSERT INTO payments (payment_id, order_id, payment_amount, payment_date, payment_method) VALUES (69, 69, 3499.00, '2024-06-22', 'Credit Card');
INSERT INTO payments (payment_id, order_id, payment_amount, payment_date, payment_method) VALUES (70, 70, 90.00, '2024-06-08', 'Debit Card');
INSERT INTO payments (payment_id, order_id, payment_amount, payment_date, payment_method) VALUES (71, 71, 3199.00, '2024-05-21', 'Net Banking');
INSERT INTO payments (payment_id, order_id, payment_amount, payment_date, payment_method) VALUES (72, 72, 399.00, '2024-07-07', 'UPI');
INSERT INTO payments (payment_id, order_id, payment_amount, payment_date, payment_method) VALUES (73, 73, 1197.00, '2024-09-01', 'Credit Card');
INSERT INTO payments (payment_id, order_id, payment_amount, payment_date, payment_method) VALUES (74, 74, 15999.00, '2024-09-08', 'Debit Card');
INSERT INTO payments (payment_id, order_id, payment_amount, payment_date, payment_method) VALUES (75, 75, 198.00, '2024-04-09', 'UPI');
INSERT INTO payments (payment_id, order_id, payment_amount, payment_date, payment_method) VALUES (76, 76, 1999.00, '2024-02-08', 'Credit Card');
INSERT INTO payments (payment_id, order_id, payment_amount, payment_date, payment_method) VALUES (77, 77, 299.00, '2024-06-17', 'Net Banking');
INSERT INTO payments (payment_id, order_id, payment_amount, payment_date, payment_method) VALUES (78, 78, 4999.00, '2024-04-20', 'Debit Card');
INSERT INTO payments (payment_id, order_id, payment_amount, payment_date, payment_method) VALUES (79, 79, 2499.00, '2024-06-10', 'UPI');
INSERT INTO payments (payment_id, order_id, payment_amount, payment_date, payment_method) VALUES (80, 80, 129.00, '2024-03-23', 'Cash on Delivery');
INSERT INTO payments (payment_id, order_id, payment_amount, payment_date, payment_method) VALUES (81, 81, 129.00, '2024-01-23', 'Credit Card');
INSERT INTO payments (payment_id, order_id, payment_amount, payment_date, payment_method) VALUES (82, 82, 0.00, NULL, NULL);
INSERT INTO payments (payment_id, order_id, payment_amount, payment_date, payment_method) VALUES (83, 83, 3499.00, '2024-06-13', 'Debit Card');
INSERT INTO payments (payment_id, order_id, payment_amount, payment_date, payment_method) VALUES (84, 84, 2499.00, '2024-03-17', 'Net Banking');
INSERT INTO payments (payment_id, order_id, payment_amount, payment_date, payment_method) VALUES (85, 85, 1499.00, '2024-10-08', 'UPI');
INSERT INTO payments (payment_id, order_id, payment_amount, payment_date, payment_method) VALUES (86, 86, 249.00, '2024-05-13', 'Credit Card');
INSERT INTO payments (payment_id, order_id, payment_amount, payment_date, payment_method) VALUES (87, 87, 2799.00, '2024-02-18', 'Debit Card');
INSERT INTO payments (payment_id, order_id, payment_amount, payment_date, payment_method) VALUES (88, 88, 399.00, '2024-03-01', 'Net Banking');
INSERT INTO payments (payment_id, order_id, payment_amount, payment_date, payment_method) VALUES (89, 89, 1499.00, '2024-10-05', 'UPI');
INSERT INTO payments (payment_id, order_id, payment_amount, payment_date, payment_method) VALUES (90, 90, 2199.00, '2024-09-29', 'Credit Card');
INSERT INTO payments (payment_id, order_id, payment_amount, payment_date, payment_method) VALUES (91, 91, 899.00, '2024-11-20', 'Debit Card');
INSERT INTO payments (payment_id, order_id, payment_amount, payment_date, payment_method) VALUES (92, 92, 799.00, '2024-02-05', 'Net Banking');
INSERT INTO payments (payment_id, order_id, payment_amount, payment_date, payment_method) VALUES (93, 93, 399.00, '2024-03-15', 'UPI');
INSERT INTO payments (payment_id, order_id, payment_amount, payment_date, payment_method) VALUES (94, 94, 0.00, NULL, NULL);
INSERT INTO payments (payment_id, order_id, payment_amount, payment_date, payment_method) VALUES (95, 95, 799.00, '2024-12-09', 'Credit Card');
INSERT INTO payments (payment_id, order_id, payment_amount, payment_date, payment_method) VALUES (96, 96, 129.00, '2024-03-19', 'Debit Card');
INSERT INTO payments (payment_id, order_id, payment_amount, payment_date, payment_method) VALUES (97, 97, 299.00, '2024-03-17', 'Net Banking');
INSERT INTO payments (payment_id, order_id, payment_amount, payment_date, payment_method) VALUES (98, 98, 499.00, '2024-06-24', 'UPI');
INSERT INTO payments (payment_id, order_id, payment_amount, payment_date, payment_method) VALUES (99, 99, 3499.00, '2024-02-02', 'Credit Card');
INSERT INTO payments (payment_id, order_id, payment_amount, payment_date, payment_method) VALUES (100, 100, 3499.00, '2024-03-11', 'Net Banking');
INSERT INTO payments (payment_id, order_id, payment_amount, payment_date, payment_method) VALUES (101, 101, 249.00, '2024-09-02', 'UPI');
INSERT INTO payments (payment_id, order_id, payment_amount, payment_date, payment_method) VALUES (102, 102, 399.00, '2024-08-26', 'Debit Card');
INSERT INTO payments (payment_id, order_id, payment_amount, payment_date, payment_method) VALUES (103, 103, 1999.00, '2024-08-06', 'Credit Card');
INSERT INTO payments (payment_id, order_id, payment_amount, payment_date, payment_method) VALUES (104, 104, 349.00, '2024-09-04', 'Net Banking');
INSERT INTO payments (payment_id, order_id, payment_amount, payment_date, payment_method) VALUES (105, 105, 799.00, '2024-03-06', 'UPI');
INSERT INTO payments (payment_id, order_id, payment_amount, payment_date, payment_method) VALUES (106, 106, 999.00, '2024-09-07', 'Debit Card');
INSERT INTO payments (payment_id, order_id, payment_amount, payment_date, payment_method) VALUES (107, 107, 2999.00, '2024-07-07', 'Credit Card');
INSERT INTO payments (payment_id, order_id, payment_amount, payment_date, payment_method) VALUES (108, 108, 3199.00, '2024-11-04', 'Net Banking');
INSERT INTO payments (payment_id, order_id, payment_amount, payment_date, payment_method) VALUES (109, 109, 1199.00, '2024-09-06', 'UPI');
INSERT INTO payments (payment_id, order_id, payment_amount, payment_date, payment_method) VALUES (110, 110, 1999.00, '2024-02-09', 'Debit Card');
INSERT INTO payments (payment_id, order_id, payment_amount, payment_date, payment_method) VALUES (111, 111, 1499.00, '2024-06-17', 'Credit Card');
INSERT INTO payments (payment_id, order_id, payment_amount, payment_date, payment_method) VALUES (112, 112, 299.00, '2024-06-22', 'Net Banking');
INSERT INTO payments (payment_id, order_id, payment_amount, payment_date, payment_method) VALUES (113, 113, 399.00, '2024-04-20', 'UPI');
INSERT INTO payments (payment_id, order_id, payment_amount, payment_date, payment_method) VALUES (114, 114, 4999.00, '2024-10-09', 'Debit Card');
INSERT INTO payments (payment_id, order_id, payment_amount, payment_date, payment_method) VALUES (115, 115, 129.00, '2024-05-14', 'Credit Card');
INSERT INTO payments (payment_id, order_id, payment_amount, payment_date, payment_method) VALUES (116, 116, 899.00, '2024-10-05', 'Net Banking');
INSERT INTO payments (payment_id, order_id, payment_amount, payment_date, payment_method) VALUES (117, 117, 2799.00, '2024-03-17', 'UPI');
INSERT INTO payments (payment_id, order_id, payment_amount, payment_date, payment_method) VALUES (118, 118, 3499.00, '2024-06-10', 'Debit Card');
INSERT INTO payments (payment_id, order_id, payment_amount, payment_date, payment_method) VALUES (119, 119, 1499.00, '2024-05-13', 'Credit Card');
INSERT INTO payments (payment_id, order_id, payment_amount, payment_date, payment_method) VALUES (120, 120, 1599.00, '2024-03-23', 'Net Banking');
